"","x"
"1",look like gay twitter stan twitter hybrid
"2",the screech woman justifi angri us senat this kind sexism consid women represent
"3",i like video the hybrid princess epgacha studio
"4",the screech woman justifi angri us senat this kind sexism consid women represent
"5",guid get start microsoft flow today part ii
"6",the screech woman justifi angri us senat this kind sexism consid women represent
"7",the screech woman justifi angri us senat this kind sexism consid women represent
"8",iceland whaler kill endang fin blue hybrid whale hunt sanction govt but whalewatch
"9",copi satir novel so far so good will sale you can also buy onlin
"10",smile drowsili came learn hybrid leth ink hair god began strok
"11",planttwitt help can anyon id plant i put spinach palco hybrid pot idk
"12",no just it time stop employ abus casual employ anyon regular hour ongo job
"13",this repostoc hybrid
"14",the screech woman justifi angri us senat this kind sexism consid women represent
"15",billion dollar whale select amazon best book septemb two categori biographi histori out sept
"16",beauti monster
"17",the screech woman justifi angri us senat this kind sexism consid women represent
"18",on thursday funk on da tabl pair local keyboardist john papa gros drummer guitarist june
"19",the screech woman justifi angri us senat this kind sexism consid women represent
"20",masih di artikel yang sama i think phenomenon rather explain notion hybrid versa
"21",callaway rogu hybrid loft h right hand regular flex check it out
"22",akabeila phone cover case for lg optimus g h hn h h case cover pc pu hybrid rubber vs ls f f
"23",webinar seri learn build better app
"24",bowser appear indetermin monster possibl sharkpenguin hybrid wario bike souvenir wario
"25",mum neanderth dad denisovan first discoveri ancienthuman hybrid
"26",one bokuto precinct best offic natsumi tsujimoto report duti never lewd absolut no ship at all
"27",and s abomin sort romulan hybrid salut
"28",one bokuto precinct best offic natsumi tsujimoto report duti never lewd absolut no ship at all
"29",the screech woman justifi angri us senat this kind sexism consid women repr
"30",taylormad burner golf driver fairway wood hybrid regular flex set check it out
"31",limit quantiti memori foam hybrid full queen size close sold out fin
"32",entir depend if intern app just authent ad sure
"33",noth make happier see gay twitter stan twitter hybrid account get drag borderlin racism
"34",i dont think ive ever mani mani decad life encount beer salesman is
"35",check i just ad closet poshmark hybrid case iphon s
"36",this friday ill talk satir novel so far so good al
"37",hi robbi full focus planner nozb hybrid system i found exam
"38",callaway big bertha golf driver fairway wood hybrid firm flex set lot best price
"39",mum neanderth dad denisovan first discoveri ancienthuman hybrid
"40",hybrid raytrac shadow part perform improv
"41",wow european funder get tough longer allow month delay paper made o
"42",mum neanderth dad denisovan first discoveri ancienthuman hybrid
"43",billion dollar whale select amazon best book septemb two categori biographi histori out sept
"44",i wouldnt mind teach colleg like intro social work class hybrid social work class idk t
"45",whi differ hybridlanguag net solut
"46",i ad video playlist quantum theori epic action hybrid mix revolt product music
"47",so hybrid directori doesnt act backup seem like brainer
"48",mum neanderth dad denisovan first discoveri ancienthuman hybrid
"49",so happen random pokèmon hybrid generat photoshop cc struggl get back draw it
"50",this lidarcamera hybrid power addit driverless car
"51",got new gear class tonight hybrid martial art fit
"52",mum neanderth dad denisovan first discoveri ancienthuman hybrid
"53",all pretti lash book today text
"54",new woodmet hybrid lightweight construct
"55",hybrid raytrac shadow part perform improv
"56",this saturday littl someth everyon true hybrid wrestl pm col
"57",enter win free tour edg exot cbx fairway wood exot cbx hybrid exot extrem stand bag rock
"58",eu countri conclud scientif literatur must avail free charg that mean hybrid
"59",this lidarcamera hybrid power addit driverless car
"60",hey myron big fan bbq pit war pit master told wagyu beef hybrid kobe
"61",what care read
"62",hi your friend just sent lazada wallet click link find
"63",congrat drew mcveigh make doubl eagl number five mill creek he hole yard use hybr
"64",kick season limit engag sound beast on septemb th th
"65",is hybrid cloud best world five expert explain get right
"66",men nike kyri s hybrid what the vivid blue mut color aj size
"67",mum neanderth dad denisovan first discoveri ancienthuman hybrid
"68",here brand new one guy dl open
"69",a fennec bighorn ram spray make hybrid
"70",look stori poem hybrid piec photo narrat art foto artwork captur essenc border
"71",e go shock u wen d tin go crossbre eg gonorrhea chlamydia hybrid std
"72",mapd make deploy manag scale easi across differ infrastructur physica
"73",i ad video playlist epic score liber epic power hybrid action
"74",would live beetlerv hybrid and still call slugbug
"75",men nike kyri s hybrid what the vivid blue mut color aj size
"76",see deliv rbac on premhybrid sso window
"77",new blog post document latest batch hybrid raytrac shadow perform improv with hrt shadow cost
"78",delic mix sure assum re talk microsoft outag hard believ hybrid
"79",the new insight differ averag but good bad
"80",one coolest piec music a high energet hybrid mani influenc result absolut
"81",print new high valu bic soleil bic flex bic hybrid comfort coupon head walmart thi
"82",billion dollar whale select amazon best book septemb two categori biographi histori out sept
"83",have commend one artist i listen kai wachi probabl coolest hybrid trap guy ive listen
"84",you wouldnt first suggest know good tutori set hybrid project
"85",men nike kyri s hybrid what the vivid blue mut color aj size
"86",verkada will exhibit power septemb come booth
"87",big day from european funder will requir public fund research publish ope
"88",ford plug hybrid the conveni charg cord overheat increas risk fi
"89",the discuss hybrid jesus class ask gospel appropri answer i can think
"90",eu countri conclud scientif literatur must avail free charg that mean hybrid
"91",will twitter friend well talk integr mor
"92",corolla what cost make electr a hybrid plug sub
"93",vs w kernel ubuntu arch linux realli neck neck iconia w hybrid tablet pc
"94",pretti stoke new tune get realli amaz feedback homi
"95",radiat therapi plan multiparametr petmri imag patient with cervic cancer the main goal thi
"96",hybrid apparel name presid orang counti busi journal
"97",upcom ibm event you wont want miss sept dsxchang sept win with
"98",re dabbl furri communiti i meme im pretti happi i learn new way creati
"99",hybrid mana dude you need halv card slot right rb aggro
"100",eu countri conclud scientif literatur must avail free charg that mean hybrid
"101",mum neanderth dad denisovan first discoveri ancienthuman hybrid
"102",thank updat i scare i log
"103",a sudden fear unknown trigger hidden potenti somewhat akin saiyan hybrid though
"104",my argument never plugin hybrid cleaner genera
"105",mum neanderth dad denisovan first discoveri ancienthuman hybrid
"106",hwsnbn he who shall not be name actionpack ebook cleaner seri spinoff pleas d
"107",hwsnbn he who shall not be name actionpack ebook cleaner seri spinoff pleas d
"108",mum neanderth dad denisovan first discoveri ancienthuman hybrid
"109",hybrid goddess great
"110",reuben langdon will tgs xdddd danteee
"111",this client want fairi demon i made hybrid
"112",hwsnbn he who shall not be name actionpack ebook cleaner seri spinoff plea
"113",hwsnbn he who shall not be name actionpack ebook cleaner seri spinoff plea
"114",new blog post document latest batch hybrid raytrac shadow perform improv with hrt shadow cost
"115",congrat drew mcveigh make doubl eagl number five mill creek he hole yard use hybr
"116",driver hybrid
"117",midengin jaguar jtype could replac ftype with over hp kw from hybrid powertrain read more gt
"118",im one damn crazi ass gas station experi away switch hybrid
"119",perhap hybrid plan like state better yet merg municip plan mer just
"120",european scienc funder ban grante publish paywal journal month embargo
"121",new post toyota auri tour sport hybrid leas navigatiezwart lederpanoramadakxenon publish
"122",mum neanderth dad denisovan first discoveri ancienthuman hybrid
"123",refer friend
"124",there reson gohan first saiyanhuman hybrid find strength side ancestri
"125",wait i final sat read mechan articl hybrid mana go card
"126",this lidarcamera hybrid power addit driverless car
"127",nist releas preliminari draft special public sp a trust cloud secur practic guid
"128",had get gas first time sinc may idea gas nozzl fill
"129",congrat drew mcveigh make doubl eagl number five mill creek he hole yard use hybr
"130",grace us thi wisdom omnipot o great sam
"131",well hey you folk coupl frame me hybrid bowlingoptometri center wait sweet releas death
"132",galaxi s case vofolen galaxi s case ring holder kickstand rotat clip hybrid defend heavi duti armor dual lay
"133",visit now play hybrid down to the wire
"134",a sicken sight second rare hybrid blue whale kill slaughter iceland
"135",here remind million selfprofess christian reject everi line sermon mount matthew
"136",hybrid cloud platform choic splitperson
"137",rollsroyc hybrid aircraft concept doesnt need road
"138",had get gas first time sinc may idea gas nozzl
"139",target a solo celestialinhuman hybrid aosmarvel origin charact dana
"140",ford plug hybrid the conveni charg cord overheat increas risk fi
"141",i think phenomenon rather explain notion hybrid versatil masculin soft yet
"142",a deal negoti no adult night
"143",i alway rememb see ad back comic i kid i beli
"144",dont miss chanc learn win strategi ibm client expert analysi join sept
"145",if turn safeti featur take minut cyl xcs beast dirt road
"146",congrat drew mcveigh make doubl eagl number five mill creek he hole yard use hybr
"147",striim cto discuss custom case realtim built stream process
"148",this lidarcamera hybrid power addit driverless car
"149",this hybrid car give option fli drive next commut
"150",two thing japanes plush toy dogbread hybrid call yeast ken exist somebodi pleas get
"151",check new hybrid camper smart home tech built
"152",gruesom imag show a rare hybrid blue whale kill by iceland whaler
"153",that true im lean toward demon deer hybrid
"154",sad say goodby belov cmax sel hybrid side swipe huge pickup though cmax
"155",i like video mini movi the hybrid princess gachavers
"156",hybrid hide concern longer babi differ now you
"157",eu countri conclud scientif literatur must avail free charg that mean hybrid
"158",dont miss chanc learn win strategi ibm client expert analysi join
"159",spigen for appl iphon plus ultra hybrid tpu case bumper shockproof cover
"160",giant roam disc hybrid bike larg frame nice
"161",hybrid cloud platform choic splitperson
"162",look stori poem hybrid piec photo narrat art foto artwork captur essenc border
"163",ecco men biom hybrid goretex golf shoe concretescarlet new
"164",look stori poem hybrid piec photo narrat art foto artwork captur essenc
"165",that hybrid cow shit
"166",dont miss session devop hybrid applic what you need know join us
"167",she hybrid democrat terrorist need eye
"168",nashvill tn underground hiphoprap scene be brazi last qtr scari hour
"169",if turn safeti featur take minut cyl xcs beast di
"170",discov hybrid cloud offer enterpris build secur platform use as trust
"171",will hybrid turf solut damag done argo home game my guess no
"172",i preorder spiderman game fulli readi go adventur notori good boy halfsp
"173",congrat drew mcveigh make doubl eagl number five mill creek he hole yard use hybr
"174",light fragrant domin hybrid great day time
"175",it boristrump hybrid
"176",nctzen weve done it weve got a cow hybrid and lactat fic
"177",this client want fairi demon i made hybrid
"178",im like hybrid jesus marley caus i turn weed wine
"179",way smbs benefit hybrid cloud
"180",i refer well discuss later batman take eye hybrid
"181",hybrid theorylinkin park purpl rainprinc the revolut prequelleghost ascendancytrivium octob rusttyp
"182",etail virtual joint starse et hybrid experienc milab mkultra ssp tis group wednesday sept pm
"183",way smbs benefit hybrid cloud
"184",hybrid cloud make smbs flexibl
"185",ramp data visibl secur hybrid enterpris
"186",a hybrid fascin i suppos i mention im around make sen
"187",wcw vs nwo world tour golden eye hybrid heaven
"188",billion dollar whale select amazon best book septemb two categori biographi histori out sept
"189",origin accident terragenesi sweetkoala solo ao oc inhumancelesti hybrid dana t
"190",big day from european funder will requir public fund research publish ope
"191",iam live babi
"192",discov hybrid cloud offer enterpris build secur platform use as trus
"193",billion dollar whale select amazon best book septemb two categori biographi histori out sept
"194",etail virtual joint starse et hybrid experienc milab mkultra ssp tis group wednesday sept pm
"195",a horn shadow loom coupl his eye narrow fix hybrid alien w
"196",hostil a bit hybrid film star past christian bale yuma wes studi geroni
"197",billion dollar whale select amazon best book septemb two categori biographi histori out sept
"198",who favorit charact harukana receiv
"199",leader clear vision market direct develop compet maintain leadership they
"200",for lg stylo lg stylus metro pcs etc premium brush grid pattern rotat ring stand dual layer hy
"201",top hero knight peacekeep assassin top samurai nobushi hybrid top vike berserk assassin top
"202",chimera the hybrid the human anim the term chimera come describ mythic fiction anim part t
"203",it still tuesday bend come get taco you also tri one tonight tasti treat jennif l
"204",sos lab introduc hybrid lidar autosen confer belgium
"205",still cant believ i basic drop fix car least get back tomorrow
"206",congrat drew mcveigh make doubl eagl number five mill creek he hole yard use hybr
"207",emmm no it chap nasti trick dirti diesel excus ban import
"208",which one of yall sent cow hybrid jimin to fiver jesus i
"209",congrat drew mcveigh make doubl eagl number five mill creek he hole yard use
"210",yeah mate i agre re say sad world go toward elec
"211",
"212",let put smart work this promis awesom event
"213",
"214",hybrid split card say veri neat
"215",binfer file share solut can transfer file quantiti comput comput secur way our fi
"216",cute studio apt uniqu floor plan allow hybrid cook cleanli act
"217",the best system keynesian social democraci hybrid capit privat
"218",break amaz new gameplay cyberpunk
"219",will chang way consum provid faster connect averag download speed gb
"220",feed train hybrid black crappi aquapon system
"221",you man base author studier art demonolog energi translat fuck
"222",no we got get rid permanentcasu con australian need job can count
"223",from ive ever heard hybrid benefit chang seaso
"224",k move plan cancel
"225",combin sale electr hybrid car hit mark ca with plug product expand new segment like k
"226",i ad video playlist tenth dimens for justic sencit music epic action hybrid
"227",lexus rx dr fwd hybrid fwd hybrid l v automat one owner navig back camera sunroof
"228",ghost shell in near futur line human robot almost blur kim seokjin
"229",couldnt resist this everyon seed busi get readi sell latest greatest hybrid good
"230",yanthiram hybrid ship employ bot sail oar probabl paddl wheel type yanthiram literal
"231",like healthcar harder even get of cours peopl will unhealthi there prog
"232",decentr wet dream well sort hybrid system futur there way go
"233",watch i alway read kid accent now im stuck listen terribl bastard
"234",not sure alreadi log somewher ee appear correct identifi hybrid mana
"235",billion dollar whale select amazon best book septemb two categori biographi histori out sept
"236",ghost shell in near futur line human robot almost blur kim seokjin
"237",day farm back mb got hit hail last night although can seed pod split bro happi
"238",bitbos invest solut design maintain enough liquid organ exchang multipl currenc gi
"239",whi morph bizarr faginrat hybrid it freak
"240",my usa author page amazon the hybrid seri mi erotica or the spirit trilog now
"241",buy hybrid get us check first avoid expens surpris
"242",thread second famili aka slug hybrid au nsfw gc
"243",lacasadelasflor desper housewivesarrest develop mexican hybrid i need
"244",refer friend
"245",more half car norway electr hybrid
"246",no just it time stop employ abus casual employ anyon regular hour ongo job
"247",this lidarcamera hybrid power addit driverless car
"248",secur extend premis render farm gcp learn connect option softwar licens
"249",hybrid heaven guilti pleasur id love dive
"250",ghost shell in near futur line human robot almost blur kim seokjin
"251",hopekook au jungkook ls hybrid jealous cat workahol sweet man hoseok he avoid peopl hoseok p
"252",ghost shell in near futur line human robot almost blur kim seokjin
"253",more half car norway electr hybrid
"254",ghost shell in near futur line human robot almost blur kim seokjin
"255",we give away exclus larian pin steam key set celebr launch divinti origin sin play
"256",ghost shell in near futur line human robot almost blur kim seokjin
"257",so happen random pokèmon hybrid generat photoshop cc struggl get back draw it
"258",fiction show dumbass hybrid aus thing give hope human tbh
"259",billion dollar whale select amazon best book septemb two categori biographi histori out
"260",ghost shell in near futur line human robot almost blur kim seokjin
"261",the closest i can think toyota small suv rav hybrid plug
"262",here updat ethereum supplyinfl graph this assum eip novemb constantinopl hard fork hybrid
"263",this client want fairi demon i made hybrid
"264",galaxi s case vofolen galaxi s case ring holder kickstand rotat clip hybrid defend heavi duti armor dual
"265",wet daddi bk the hybrid seri what wrong extrem serial killer mi horr
"266",galaxi s case vofolen galaxi s case ring holder kickstand rotat clip hybrid defend heavi duti armor dual
"267",wet daddi bk the hybrid seri what wrong extrem serial killer mi
"268",eu countri conclud scientif literatur must avail free charg that mean hybrid
"269",
"270",i ad video playlist danni cock sinist intent posit music dark aggress hybrid
"271",i tour non hybrid everyth acura
"272",draft tonight im bell fall i take assum gurley elliott
"273",scientist have uncov the year old hybrid of two extinct human speci
"274",ghost shell in near futur line human robot almost blur kim
"275",what is hybrid cloud whi should you care
"276",thread second famili aka slug hybrid au nsfw gc
"277",new youtub vid hybrid monster ft gunsmith check get chanc watch
"278",how manag hybrid team coloc employe
"279",what is hybrid cloud whi should you care
"280",petrol diesel older hybrid car ban nine london street pioneer scheme creat
"281",i like concept tbh mladorossi honest attempt creat monarchybolshevik hybrid s
"282",i was abt to cri bc of bubblin but random i rememb the cow hybrid kpop fetish didbdidndkdn
"283",i like i drew new hybrid
"284",one thing mr trump doesnt understand perhap mani american decis can made indiv
"285",were look join offic contribut
"286",tell i just die hybrid player fn use mous control time wtf
"287",hybrid thread i mention earlier
"288",here updat ethereum supplyinfl graph this assum eip novemb constantinopl hard fork hybrid
"289",to hear full track visit soundcloud link bio hybrid
"290",jeep track produc plug hybrid model legendari wrangler plan showroom
"291",i ad video playlist kari sigurdsson beyond the horizon epic power hybrid rock
"292",i ad video playlist critic mass fatal epic action massiv hybrid rock power electr
"293",i ad video playlist kari sigurdsson skylin epic modern heroic hybrid
"294",were look join offic contribut
"295",i ad video playlist pp music the block hybrid hiphop
"296",hi your friend just sent lazada wallet click link find
"297",i ad video playlist kari sigurðsson unreal realiti epic hybrid rock heroic
"298",use dr auto mile white europa sheffield
"299",i ad video playlist kari sigurdsson stay epic intens hybrid rock drama
"300",i ad video playlist terra music origin most epic hybrid orchestr music
"301",check oneil ava hybrid cheeki long sleev surf wetsuit one piec swimsuit s sfs
"302",great collabor today seed hybrid fall rye look
"303",blood diamond og indica imperialvalley
"304",hybrid half wolf half vampir like okay
"305",work cloud hybrid prem bridg oper consol microsoft offic communic
"306",no hes a fuck hybrid omfg
"307",michael kelli guitar a hybrid special guitar one fort port acoust guitar
"308",great collabor today seed hybrid fall rye looki
"309",receiv mani tweet insinu hybrid someon els includ unabomb
"310",no we got get rid permanentcasu con australian need job can count
"311",he et al comput determin aerosol size distribut angular lightscatt signal use spso
"312",raccoon like dogcatmonkeyferret hybrid theyr cute five second terrifi
"313",alien starchild discov in china
"314",it final countdown almost book meet eu stand lp co
"315",damn lookin like hybrid u
"316",two thing japanes plush toy dogbread hybrid call yeast ken exist somebodi pleas get
"317",weve heard get pay approach hc except rule this highperform
"318",let becom awar hybrid dual layer approach caption bring greater flexibl speed user
"319",as might expect hybrid nx h easi gas averag mpg mile stint
"320",whi hand intim scene klaus that guy freak year old origin hybrid
"321",china set new world record super hybrid rice yield ton per hectar demonstr base gejiu southw
"322",meteora nice bought hybrid theori twice
"323",darkglass electron releas hyper lumin hybrid compressor
"324",i like video zero hybrid montag
"325",best practic public compani assess loss conting secur deriv issuer invest banksfi
"326",if plughybrid still
"327",studio scienc sylvia massi hybrid mix
"328",those excel suggest control slide rupe rise petrol price i
"329",is morph gonna be like a tree truce hybrid
"330",the mani advantag agil scalabl resili autom simplic reduc cost hy
"331",like terribl idea he still partial set fire barrel call good howe
"332",it sad newt gingrich feel compel pretend kind moral compass he h
"333",nah like car cousin mine hybrid
"334",darkglass electron releas hyper lumin hybrid compressor
"335",we hybrid comp bio protein eng lab look multidisciplinarymind team play
"336",chevi bolt get window tint near brandon florida
"337",so generat locat within car it charg itself
"338",blog the hybrid seri extrem breed polic a necess mi horror
"339",we just tap dogfish head mix media ale beerwin hybrid ale lew de abv
"340",watch acura mdx sport hybrid take open road
"341",blog the hybrid seri extrem breed polic a necess mi horror
"342",hi your friend just sent rm lazada wallet click link find
"343",you peopl unhing wacki aluminum wear left becom better saturday night live f
"344",iceland whaler kill endang fin blue hybrid whale hunt sanction govt join us tel
"345",side question tf reaction pic ge
"346",made sort icon attempt i need draw tablet i mess size anyway per
"347",catalyst hybrid integr
"348",were team giveaway custom origin pc mi
"349",had pick spinach tagliatell think make carbonara tonight romano pecorino chee
"350",hybrid democraci elector rule polit competit afghanistan interview aureo toledo vic
"351",the church feign vehicl lie hybrid human eathrop
"352",the honda accord hybrid room whole famili
"353",hope anyon talk shit doesnt enjoy support hybrid aus pet play daddymommi kink logic thi
"354",the cool thing digit digitaltradit hybrid evangel abl reach soul cre
"355",to hear full track visit soundcloud link bio hybrid
"356",worldwid fm turn two year old st septemb join us hybrid celebr bring togeth ra
"357",just publish new post easi hybrid chat base custom servic ad
"358",battlefield v live stream ps gameplay
"359",jlab gluex experi expand search elus hybrid meson
"360",hope anyon talk shit doesnt enjoy support hybrid aus pet play daddymommi kink logic
"361",xl truck ford f hybrid get california approv
"362",spc rigid core hybrid mm ardenwood watershield width length mil mm pad johnson hardwood special price sf
"363",here brand new one guy dl open
"364",masterpiec mixtap
"365",do not miss it brand new in the box hybrid audio technolog uniti uv compon set atak deal
"366",do not miss it brand new in the box hybrid audio technolog uniti uv compon set atak deal
"367",this lidarcamera hybrid power addit driverless car
"368",the creativ food creation peopl come never ceas amaz us what jalapeño popper
"369",let introduc small design help human team shop floor
"370",gonna honest like westwood gonna trick amaz
"371",botox let day migrain headach hybrid
"372",new youtub vid hybrid monster ft gunsmith check get chanc watch
"373",it privatis privatis first judg and japan
"374",i like video all dead all dead new hybrid version queen
"375",new youtub vid hybrid monster ft gunsmith check get chanc watch
"376",defo water base lube never silicon hybrid lube i bother renew po
"377",here updat ethereum supplyinfl graph this assum eip novemb constantinopl hard fork hybrid
"378",today name pearl call pearl tuberos the pearl scientif known polianthus tuberos
"379",p fever cant sweat linkin park hybrid theori bmth suicid season rise suffer
"380",join upcom webinar lendingclub hear cohes aw enabl enterprisegrad cloud arch
"381",hybrid poli sci class professor began onlin instruct back popular demand
"382",meanwhil ff hybrid will fit porthol
"383",whi make batch plain cooki creat hybrid beauti oatmeal cream pie cooki
"384",whi hand intim scene klaus that guy freak year old origin hybrid
"385",whi hand intim scene klaus that guy freak year old origin hybrid
"386",hybrid car ugli
"387",so argument plug hybrid better cle
"388",when i colleg guy thought i look like hybrid the rock stone c
"389",quit jump hybrid team due end
"390",come float us post articl david dean call how digi
"391",a critic moment bk the hybrid seri hybrid find decad of mummifi murder victim mi
"392",privat public hybrid where workload go cio onlin
"393",it no longer if when how move cloud informationweek my pov hybrid will rule
"394",well yeah cow hybrid jimin burst lung everi time bdbfnfng honest post l
"395",a cookiebananabreadfrenchtoast hybrid need get week
"396",i ad video playlist epic score liber epic power hybrid action
"397",the refus allow public oa paper hybrid journal odd one oa paper cant even appear s
"398",i start ly hybrid bike dr canal ride but week just got first road bike can
"399",cognit scienc hybrid top bottom both high level abstract
"400",wow european funder get tough longer allow month delay paper made o
"401",which one of yall sent cow hybrid jimin to fiver jesus i
"402",shoutout us learn cursiv school like honest reason now printcurs
"403",a sicken sight second rare hybrid blue whale kill slaughter iceland
"404",no just it time stop employ abus casual employ anyon regular hour ongo job
"405",how big compani grow startup implement hybrid cloud strategi
"406",accord hybrid tour
"407",no i perfect normal i stupid hybrid
"408",batteri includ hybrid power plant let californian breath easi
"409",which one of yall sent cow hybrid jimin to fiver jesus i
"410",explain hybrid classroom futur educ
"411",it no longer if when how move cloud informationweek my pov hybrid
"412",ive just sold diesel i lot mile year carri kit work around natur
"413",he et al comput determin aerosol size distribut angular lightscatt signal use
"414",upcom ibm event you wont want miss sept dsxchang sept win with
"415",scriba spotlight conor nolan tell us hybrid analogu digit workflow buy s
"416",natur wispi classichybrid
"417",i mean liter whole bit play ball game davi back fight fishmen half fishman
"418",this countri just kill yet anoth super rare whale
"419",topreason whi a hybrid cloud is better martinsmith javascriptkick
"420",it common now cat will exclus eat later vomit hybrid grass
"421",jay love everyon even though differ like i hybrid
"422",what is hybrid cloud whi should you care
"423",what is hybrid cloud whi should you care
"424",what is hybrid cloud whi should you care
"425",discov latest research composit hybrid system research librari
"426",i ad video playlist lock load the road wasteland instrument hybrid rock
"427",that train tecnician guess check malibu hybrid volt bolt specifi not ancira de
"428",realli disappoint s onstar abil basic custom servic have qualiti control
"429",industri batteryhybrid project emerg market twoyear payback
"430",insight featur
"431",his dumb dumb
"432",ayo we gotta pull plug hybrid clone plan
"433",brand new dekalb hybrid look outstand plot near clair citi sd
"434",as might expect hybrid nx h easi gas averag mpg mile stint
"435",irish curs race evil hate god irishmexican hybrid awesom cool cathol
"436",here remind million selfprofess christian reject everi line sermon mount matthew
"437",as might expect hybrid nx h easi gas averag mpg mile stint
"438",employ say need casual employe ongo work remain casual case need fire moment
"439",no just it time stop employ abus casual employ anyon regular hour ongo job
"440",as might expect hybrid nx h easi gas averag mpg mile stint
"441",if privat put hybrid plan place iper will sustain s scare ta
"442",join us westboro communiti well day septemb support breast cancer action churchil senior cen
"443",test tube pig hell
"444",here remind million selfprofess christian reject everi line sermon mount matthew
"445",dr enqi offer solut hybrid gmo moringa crisi swipe left share care
"446",can feel hybrid seebow
"447",my yearold saturn die id like find plug hybrid ev that safe seat isnt crazi expens can ha
"448",didymus bk the hybrid seri extrem chill case the bitter end mi
"449",absolut kill lpu nike air max classic bw persian x air max sole swap hybrid these
"450",gym motiv hybrid monster ft jame mooney athlet workout
"451",i ad video playlist lock load the wick bitch east instrument hybrid rock
"452",celebr great deal
"453",f ddos hybrid defend provid comprehens protect data center applic discov sta
"454",first plot year new hybrid cstx show
"455",job well done pm crew hybrid fit
"456",celebr great deal
"457",upcom ibm event you wont want miss sept dsxchang sept win with
"458",if hybrid half human half someth if full blood choos someth
"459",here cio can lead transit hybrid multicloud realiti
"460",this lidarcamera hybrid power addit driverless car
"461",vmware readi vrealiz oper releas power enhanc
"462",it also super weird tri gold hybrid card
"463",join upcom webinar lendingclub hear cohes aw enabl enterprisegrad cloud arch
"464",exclus neo hybrid ocean blue preorder now open
"465",celebr great deal
"466",both
"467",the fanchain token hybrid fungiblenon
"468",more half car norway electr hybrid
"469",hybrid theori linkin park citi evil aveng sevenfold the stage aveng sevenfold live thing linkin p
"470",homi next yg lookin like big sean x aap rocki hybrid
"471",and s abomin sort romulan hybrid salut
"472",exclus neo hybrid ocean blue preorder now open
"473",thank glad like overal i tri t
"474",as either hybrid full blood
"475",
"476",public hybrid journal will allow transit period year end
"477",i ad video playlist lock load endless rage instrument hybrid rock
"478",doctor who space blackadd killjoy wynonna earp and mstk kind tvmovi hybrid seri
"479",big open access news europ plan s european funder aim away hybrid oa model
"480",join upcom webinar lendingclub hear cohes aw enabl enterprisegrad cloud arch
"481",fantast latest review split decis bk the hybrid seri deneal book buzz in
"482",have talk dealership yet i thought trade fusion last year offer
"483",as part nation emerg respons trial offic current test merced e class hybrid
"484",no we got get rid permanentcasu con australian need job can count
"485",client want natur look lash touch volum hybrid set classic volum lash mix
"486",doe team complet set tool creat deploy right model better demand
"487",join upcom webinar lendingclub hear cohes aw enabl enterprisegrad cloud arch
"488",im lactos intoler cow hybrid need cow milk
"489",men hobbi
"490",omg it sound like rubi and im
"491",doe team complet set tool creat deploy right model better demand
"492",rare head replac delic hybrid drive full success
"493",employ say need casual employe ongo work remain casual case need fire moment
"494",japan also hybrid economi take best capitalist syst
"495",research funder press apc cap across europ licens author copyright ban hybrid journal
"496",detail plan s agre upon major european scienc funder it aim erad hybrid journ
"497",oh cute complicit gop hybrid complicit
"498",compar canada gees could hybrid greylag domest
"499",new blog post document latest batch hybrid raytrac shadow perform improv with hrt shadow cost
"500",im make two hybrid piano prototyp this keyboard design will one
